hos_vogal_a,a,749.7,0,6,1
hos_vogal_a,a,1164.24,1,6,1
hos_vogal_a,a,2637.1800000000003,2,6,1
hos_vogal_a,a,758.52,0,6,2
hos_vogal_a,a,1181.88,1,6,2
hos_vogal_a,a,2637.1800000000003,2,6,2
hos_vogal_a,a,749.7,0,5,3
hos_vogal_a,a,1173.06,1,5,3
hos_vogal_a,a,2725.38,2,5,3
hos_vogal_a,a,732.0600000000001,0,5,4
hos_vogal_a,a,1181.88,1,5,4
hos_vogal_a,a,2787.12,2,5,4
hos_vogal_a,a,732.0600000000001,0,5,5
hos_vogal_a,a,1199.52,1,5,5
hos_vogal_a,a,2637.1800000000003,2,5,5
hos_vogal_a,a,740.88,0,5,6
hos_vogal_a,a,1181.88,1,5,6
hos_vogal_a,a,2619.54,2,5,6
hos_vogal_a,a,732.0600000000001,0,5,7
hos_vogal_a,a,1181.88,1,5,7
hos_vogal_a,a,2610.7200000000003,2,5,7
hos_vogal_a,a,749.7,0,5,8
hos_vogal_a,a,1199.52,1,5,8
hos_vogal_a,a,2628.36,2,5,8
hos_vogal_a,a,740.88,0,5,9
hos_vogal_a,a,1225.98,1,5,9
hos_vogal_a,a,2610.7200000000003,2,5,9
hos_vogal_a,a,740.88,0,6,10
hos_vogal_a,a,1217.16,1,6,10
hos_vogal_a,a,2610.7200000000003,2,6,10
hos_vogal_a,a,740.88,0,6,11
hos_vogal_a,a,1190.7,1,6,11
hos_vogal_a,a,2601.9,2,6,11
hos_vogal_a,a,749.7,0,5,12
hos_vogal_a,a,1217.16,1,5,12
hos_vogal_a,a,2619.54,2,5,12
hos_vogal_a,a,758.52,0,5,13
hos_vogal_a,a,1217.16,1,5,13
hos_vogal_a,a,2654.82,2,5,13
hos_vogal_a,a,767.34,0,6,14
hos_vogal_a,a,1234.8,1,6,14
hos_vogal_a,a,2601.9,2,6,14
hos_vogal_a,a,767.34,0,5,15
hos_vogal_a,a,1217.16,1,5,15
hos_vogal_a,a,2619.54,2,5,15
hos_vogal_a,a,758.52,0,6,16
hos_vogal_a,a,1199.52,1,6,16
hos_vogal_a,a,2610.7200000000003,2,6,16
hos_vogal_a,a,767.34,0,5,17
hos_vogal_a,a,1217.16,1,5,17
hos_vogal_a,a,2566.62,2,5,17
hos_vogal_a,a,767.34,0,5,18
hos_vogal_a,a,1217.16,1,5,18
hos_vogal_a,a,2575.44,2,5,18
hos_vogal_a,a,776.1600000000001,0,5,19
hos_vogal_a,a,1208.3400000000001,1,5,19
hos_vogal_a,a,2628.36,2,5,19
hos_vogal_a_2,a,784.98,0,7,1
hos_vogal_a_2,a,1252.44,1,7,1
hos_vogal_a_2,a,1984.5,2,7,1
hos_vogal_a_2,a,811.44,0,7,2
hos_vogal_a_2,a,1287.72,1,7,2
hos_vogal_a_2,a,1931.5800000000002,2,7,2
hos_vogal_a_2,a,811.44,0,5,3
hos_vogal_a_2,a,1261.26,1,5,3
hos_vogal_a_2,a,2751.84,2,5,3
hos_vogal_a_2,a,767.34,0,6,4
hos_vogal_a_2,a,1278.9,1,6,4
hos_vogal_a_2,a,2610.7200000000003,2,6,4
hos_vogal_a_2,a,793.8000000000001,0,5,5
hos_vogal_a_2,a,1261.26,1,5,5
hos_vogal_a_2,a,2566.62,2,5,5
hos_vogal_a_2,a,776.1600000000001,0,6,6
hos_vogal_a_2,a,1278.9,1,6,6
hos_vogal_a_2,a,2540.16,2,6,6
hos_vogal_a_2,a,784.98,0,6,7
hos_vogal_a_2,a,1278.9,1,6,7
hos_vogal_a_2,a,2584.26,2,6,7
hos_vogal_a_2,a,784.98,0,6,8
hos_vogal_a_2,a,1278.9,1,6,8
hos_vogal_a_2,a,2443.14,2,6,8
hos_vogal_a_2,a,784.98,0,5,9
hos_vogal_a_2,a,1296.54,1,5,9
hos_vogal_a_2,a,2513.7000000000003,2,5,9
hos_vogal_a_2,a,793.8000000000001,0,5,10
hos_vogal_a_2,a,1287.72,1,5,10
hos_vogal_a_2,a,2522.52,2,5,10
hos_vogal_a_2,a,776.1600000000001,0,5,11
hos_vogal_a_2,a,1278.9,1,5,11
hos_vogal_a_2,a,2566.62,2,5,11
hos_vogal_a_2,a,793.8000000000001,0,5,12
hos_vogal_a_2,a,1278.9,1,5,12
hos_vogal_a_2,a,2540.16,2,5,12
hos_vogal_a_2,a,793.8000000000001,0,5,13
hos_vogal_a_2,a,1252.44,1,5,13
hos_vogal_a_2,a,2522.52,2,5,13
hos_vogal_a_2,a,784.98,0,5,14
hos_vogal_a_2,a,1270.08,1,5,14
hos_vogal_a_2,a,2522.52,2,5,14
hos_vogal_a_2,a,776.1600000000001,0,5,15
hos_vogal_a_2,a,1270.08,1,5,15
hos_vogal_a_2,a,2522.52,2,5,15
hos_vogal_a_2,a,793.8000000000001,0,5,16
hos_vogal_a_2,a,1261.26,1,5,16
hos_vogal_a_2,a,2504.88,2,5,16
hos_vogal_a_2,a,802.62,0,5,17
hos_vogal_a_2,a,1252.44,1,5,17
hos_vogal_a_2,a,2540.16,2,5,17
hos_vogal_a_2,a,793.8000000000001,0,6,18
hos_vogal_a_2,a,1261.26,1,6,18
hos_vogal_a_2,a,2522.52,2,6,18
hos_vogal_a_2,a,802.62,0,5,19
hos_vogal_a_2,a,1252.44,1,5,19
hos_vogal_a_2,a,2469.6,2,5,19
hos_vogal_e,e,599.76,0,5,1
hos_vogal_e,e,1913.94,1,5,1
hos_vogal_e,e,2372.58,2,5,1
hos_vogal_e,e,608.58,0,6,2
hos_vogal_e,e,1102.5,1,6,2
hos_vogal_e,e,1913.94,2,6,2
hos_vogal_e,e,608.58,0,5,3
hos_vogal_e,e,1896.3,1,5,3
hos_vogal_e,e,2390.2200000000003,2,5,3
hos_vogal_e,e,617.4,0,5,4
hos_vogal_e,e,1913.94,1,5,4
hos_vogal_e,e,2407.86,2,5,4
hos_vogal_e,e,635.04,0,5,5
hos_vogal_e,e,1905.1200000000001,1,5,5
hos_vogal_e,e,2407.86,2,5,5
hos_vogal_e,e,635.04,0,5,6
hos_vogal_e,e,1913.94,1,5,6
hos_vogal_e,e,2363.76,2,5,6
hos_vogal_e,e,635.04,0,5,7
hos_vogal_e,e,1887.48,1,5,7
hos_vogal_e,e,2390.2200000000003,2,5,7
hos_vogal_e,e,652.6800000000001,0,5,8
hos_vogal_e,e,1861.02,1,5,8
hos_vogal_e,e,2328.48,2,5,8
hos_vogal_e,e,635.04,0,5,9
hos_vogal_e,e,1922.76,1,5,9
hos_vogal_e,e,2390.2200000000003,2,5,9
hos_vogal_e,e,608.58,0,5,10
hos_vogal_e,e,1931.5800000000002,1,5,10
hos_vogal_e,e,2399.04,2,5,10
hos_vogal_e,e,617.4,0,5,11
hos_vogal_e,e,1905.1200000000001,1,5,11
hos_vogal_e,e,2337.3,2,5,11
hos_vogal_e,e,608.58,0,5,12
hos_vogal_e,e,1940.4,1,5,12
hos_vogal_e,e,2399.04,2,5,12
hos_vogal_e,e,617.4,0,5,13
hos_vogal_e,e,1896.3,1,5,13
hos_vogal_e,e,2319.66,2,5,13
hos_vogal_e,e,599.76,0,5,14
hos_vogal_e,e,1905.1200000000001,1,5,14
hos_vogal_e,e,2372.58,2,5,14
hos_vogal_e,e,617.4,0,5,15
hos_vogal_e,e,1913.94,1,5,15
hos_vogal_e,e,2346.12,2,5,15
hos_vogal_e,e,599.76,0,5,16
hos_vogal_e,e,1896.3,1,5,16
hos_vogal_e,e,2319.66,2,5,16
hos_vogal_e,e,599.76,0,5,17
hos_vogal_e,e,1949.22,1,5,17
hos_vogal_e,e,2381.4,2,5,17
hos_vogal_e,e,608.58,0,5,18
hos_vogal_e,e,1931.5800000000002,1,5,18
hos_vogal_e,e,2390.2200000000003,2,5,18
hos_vogal_e,e,590.94,0,5,19
hos_vogal_e,e,1931.5800000000002,1,5,19
hos_vogal_e,e,2363.76,2,5,19
hos_vogal_e_2,e,564.48,0,5,1
hos_vogal_e_2,e,2028.6000000000001,1,5,1
hos_vogal_e_2,e,2443.14,2,5,1
hos_vogal_e_2,e,617.4,0,5,2
hos_vogal_e_2,e,2046.24,1,5,2
hos_vogal_e_2,e,2496.06,2,5,2
hos_vogal_e_2,e,617.4,0,5,3
hos_vogal_e_2,e,2055.06,1,5,3
hos_vogal_e_2,e,2513.7000000000003,2,5,3
hos_vogal_e_2,e,626.22,0,4,4
hos_vogal_e_2,e,2293.2000000000003,1,4,4
hos_vogal_e_2,e,3386.88,2,4,4
hos_vogal_e_2,e,626.22,0,5,5
hos_vogal_e_2,e,2152.08,1,5,5
hos_vogal_e_2,e,2575.44,2,5,5
hos_vogal_e_2,e,626.22,0,5,6
hos_vogal_e_2,e,2046.24,1,5,6
hos_vogal_e_2,e,2548.98,2,5,6
hos_vogal_e_2,e,635.04,0,4,7
hos_vogal_e_2,e,2319.66,1,4,7
hos_vogal_e_2,e,3439.8,2,4,7
hos_vogal_e_2,e,626.22,0,4,8
hos_vogal_e_2,e,2354.94,1,4,8
hos_vogal_e_2,e,3439.8,2,4,8
hos_vogal_e_2,e,626.22,0,4,9
hos_vogal_e_2,e,2293.2000000000003,1,4,9
hos_vogal_e_2,e,3448.62,2,4,9
hos_vogal_e_2,e,626.22,0,5,10
hos_vogal_e_2,e,1975.68,1,5,10
hos_vogal_e_2,e,2425.5,2,5,10
hos_vogal_e_2,e,599.76,0,5,11
hos_vogal_e_2,e,2028.6000000000001,1,5,11
hos_vogal_e_2,e,2531.34,2,5,11
hos_vogal_e_2,e,617.4,0,5,12
hos_vogal_e_2,e,1940.4,1,5,12
hos_vogal_e_2,e,2407.86,2,5,12
hos_vogal_e_2,e,626.22,0,6,13
hos_vogal_e_2,e,1931.5800000000002,1,6,13
hos_vogal_e_2,e,2390.2200000000003,2,6,13
hos_vogal_e_2,e,635.04,0,5,14
hos_vogal_e_2,e,1949.22,1,5,14
hos_vogal_e_2,e,2381.4,2,5,14
hos_vogal_e_2,e,626.22,0,6,15
hos_vogal_e_2,e,1922.76,1,6,15
hos_vogal_e_2,e,2372.58,2,6,15
hos_vogal_e_2,e,626.22,0,6,16
hos_vogal_e_2,e,1931.5800000000002,1,6,16
hos_vogal_e_2,e,2390.2200000000003,2,6,16
hos_vogal_e_2,e,626.22,0,6,17
hos_vogal_e_2,e,1922.76,1,6,17
hos_vogal_e_2,e,2354.94,2,6,17
hos_vogal_e_2,e,626.22,0,6,18
hos_vogal_e_2,e,1949.22,1,6,18
hos_vogal_e_2,e,2407.86,2,6,18
hos_vogal_e_2,e,635.04,0,6,19
hos_vogal_e_2,e,1922.76,1,6,19
hos_vogal_e_2,e,2390.2200000000003,2,6,19
hos_vogal_i,i,255.78,0,6,1
hos_vogal_i,i,2337.3,1,6,1
hos_vogal_i,i,2892.96,2,6,1
hos_vogal_i,i,282.24,0,6,2
hos_vogal_i,i,2337.3,1,6,2
hos_vogal_i,i,2822.4,2,6,2
hos_vogal_i,i,255.78,0,6,3
hos_vogal_i,i,2302.02,1,6,3
hos_vogal_i,i,2831.2200000000003,2,6,3
hos_vogal_i,i,273.42,0,5,4
hos_vogal_i,i,2337.3,1,5,4
hos_vogal_i,i,2734.2000000000003,2,5,4
hos_vogal_i,i,282.24,0,6,5
hos_vogal_i,i,2319.66,1,6,5
hos_vogal_i,i,2663.64,2,6,5
hos_vogal_i,i,273.42,0,5,6
hos_vogal_i,i,2337.3,1,5,6
hos_vogal_i,i,2866.5,2,5,6
hos_vogal_i,i,255.78,0,6,7
hos_vogal_i,i,1472.94,1,6,7
hos_vogal_i,i,2346.12,2,6,7
hos_vogal_i,i,264.6,0,5,8
hos_vogal_i,i,2328.48,1,5,8
hos_vogal_i,i,2857.6800000000003,2,5,8
hos_vogal_i,i,246.96,0,5,9
hos_vogal_i,i,2337.3,1,5,9
hos_vogal_i,i,2857.6800000000003,2,5,9
hos_vogal_i,i,246.96,0,5,10
hos_vogal_i,i,2346.12,1,5,10
hos_vogal_i,i,2875.32,2,5,10
hos_vogal_i,i,238.14000000000001,0,5,11
hos_vogal_i,i,2354.94,1,5,11
hos_vogal_i,i,2910.6,2,5,11
hos_vogal_i,i,255.78,0,5,12
hos_vogal_i,i,2354.94,1,5,12
hos_vogal_i,i,2937.06,2,5,12
hos_vogal_i,i,273.42,0,5,13
hos_vogal_i,i,2363.76,1,5,13
hos_vogal_i,i,2910.6,2,5,13
hos_vogal_i,i,246.96,0,5,14
hos_vogal_i,i,2346.12,1,5,14
hos_vogal_i,i,2884.14,2,5,14
hos_vogal_i,i,264.6,0,5,15
hos_vogal_i,i,2354.94,1,5,15
hos_vogal_i,i,2901.78,2,5,15
hos_vogal_i,i,246.96,0,5,16
hos_vogal_i,i,2346.12,1,5,16
hos_vogal_i,i,2892.96,2,5,16
hos_vogal_i,i,246.96,0,5,17
hos_vogal_i,i,2363.76,1,5,17
hos_vogal_i,i,2875.32,2,5,17
hos_vogal_i,i,273.42,0,5,18
hos_vogal_i,i,2363.76,1,5,18
hos_vogal_i,i,2892.96,2,5,18
hos_vogal_i,i,238.14000000000001,0,5,19
hos_vogal_i,i,2354.94,1,5,19
hos_vogal_i,i,2928.2400000000002,2,5,19
hos_vogal_i_2,i,264.6,0,5,1
hos_vogal_i_2,i,2293.2000000000003,1,5,1
hos_vogal_i_2,i,2972.34,2,5,1
hos_vogal_i_2,i,211.68,0,5,2
hos_vogal_i_2,i,2293.2000000000003,1,5,2
hos_vogal_i_2,i,2937.06,2,5,2
hos_vogal_i_2,i,273.42,0,5,3
hos_vogal_i_2,i,2390.2200000000003,1,5,3
hos_vogal_i_2,i,2901.78,2,5,3
hos_vogal_i_2,i,255.78,0,5,4
hos_vogal_i_2,i,2381.4,1,5,4
hos_vogal_i_2,i,2910.6,2,5,4
hos_vogal_i_2,i,291.06,0,6,5
hos_vogal_i_2,i,2372.58,1,6,5
hos_vogal_i_2,i,2928.2400000000002,2,6,5
hos_vogal_i_2,i,229.32,0,5,6
hos_vogal_i_2,i,2346.12,1,5,6
hos_vogal_i_2,i,2954.7000000000003,2,5,6
hos_vogal_i_2,i,291.06,0,5,7
hos_vogal_i_2,i,2381.4,1,5,7
hos_vogal_i_2,i,2919.42,2,5,7
hos_vogal_i_2,i,299.88,0,5,8
hos_vogal_i_2,i,2399.04,1,5,8
hos_vogal_i_2,i,2928.2400000000002,2,5,8
hos_vogal_i_2,i,246.96,0,5,9
hos_vogal_i_2,i,2354.94,1,5,9
hos_vogal_i_2,i,2928.2400000000002,2,5,9
hos_vogal_i_2,i,291.06,0,6,10
hos_vogal_i_2,i,2372.58,1,6,10
hos_vogal_i_2,i,2919.42,2,6,10
hos_vogal_i_2,i,255.78,0,5,11
hos_vogal_i_2,i,2319.66,1,5,11
hos_vogal_i_2,i,2857.6800000000003,2,5,11
hos_vogal_i_2,i,255.78,0,5,12
hos_vogal_i_2,i,2302.02,1,5,12
hos_vogal_i_2,i,2822.4,2,5,12
hos_vogal_i_2,i,299.88,0,5,13
hos_vogal_i_2,i,2337.3,1,5,13
hos_vogal_i_2,i,2857.6800000000003,2,5,13
hos_vogal_i_2,i,308.7,0,5,14
hos_vogal_i_2,i,2346.12,1,5,14
hos_vogal_i_2,i,2875.32,2,5,14
hos_vogal_i_2,i,282.24,0,5,15
hos_vogal_i_2,i,2337.3,1,5,15
hos_vogal_i_2,i,2866.5,2,5,15
hos_vogal_i_2,i,308.7,0,6,16
hos_vogal_i_2,i,2328.48,1,6,16
hos_vogal_i_2,i,2875.32,2,6,16
hos_vogal_i_2,i,291.06,0,5,17
hos_vogal_i_2,i,2328.48,1,5,17
hos_vogal_i_2,i,2928.2400000000002,2,5,17
hos_vogal_i_2,i,291.06,0,5,18
hos_vogal_i_2,i,2328.48,1,5,18
hos_vogal_i_2,i,2910.6,2,5,18
hos_vogal_i_2,i,299.88,0,6,19
hos_vogal_i_2,i,2390.2200000000003,1,6,19
hos_vogal_i_2,i,2901.78,2,6,19
hos_vogal_o,o,608.58,0,4,1
hos_vogal_o,o,917.28,1,4,1
hos_vogal_o,o,2778.3,2,4,1
hos_vogal_o,o,635.04,0,4,2
hos_vogal_o,o,899.64,1,4,2
hos_vogal_o,o,2769.48,2,4,2
hos_vogal_o,o,643.86,0,5,3
hos_vogal_o,o,917.28,1,5,3
hos_vogal_o,o,2769.48,2,5,3
hos_vogal_o,o,652.6800000000001,0,5,4
hos_vogal_o,o,926.1,1,5,4
hos_vogal_o,o,2778.3,2,5,4
hos_vogal_o,o,635.04,0,4,5
hos_vogal_o,o,917.28,1,4,5
hos_vogal_o,o,2743.02,2,4,5
hos_vogal_o,o,599.76,0,4,6
hos_vogal_o,o,979.02,1,4,6
hos_vogal_o,o,2760.6600000000003,2,4,6
hos_vogal_o,o,626.22,0,6,7
hos_vogal_o,o,899.64,1,6,7
hos_vogal_o,o,2787.12,2,6,7
hos_vogal_o,o,652.6800000000001,0,6,8
hos_vogal_o,o,908.46,1,6,8
hos_vogal_o,o,2787.12,2,6,8
hos_vogal_o,o,652.6800000000001,0,6,9
hos_vogal_o,o,908.46,1,6,9
hos_vogal_o,o,2795.94,2,6,9
hos_vogal_o,o,652.6800000000001,0,6,10
hos_vogal_o,o,926.1,1,6,10
hos_vogal_o,o,2760.6600000000003,2,6,10
hos_vogal_o,o,626.22,0,6,11
hos_vogal_o,o,987.84,1,6,11
hos_vogal_o,o,2769.48,2,6,11
hos_vogal_o,o,626.22,0,6,12
hos_vogal_o,o,970.2,1,6,12
hos_vogal_o,o,2769.48,2,6,12
hos_vogal_o,o,635.04,0,6,13
hos_vogal_o,o,943.74,1,6,13
hos_vogal_o,o,2734.2000000000003,2,6,13
hos_vogal_o,o,626.22,0,6,14
hos_vogal_o,o,987.84,1,6,14
hos_vogal_o,o,2734.2000000000003,2,6,14
hos_vogal_o,o,635.04,0,6,15
hos_vogal_o,o,917.28,1,6,15
hos_vogal_o,o,2690.1,2,6,15
hos_vogal_o,o,635.04,0,6,16
hos_vogal_o,o,943.74,1,6,16
hos_vogal_o,o,2690.1,2,6,16
hos_vogal_o,o,608.58,0,6,17
hos_vogal_o,o,952.5600000000001,1,6,17
hos_vogal_o,o,2690.1,2,6,17
hos_vogal_o,o,617.4,0,5,18
hos_vogal_o,o,1031.94,1,5,18
hos_vogal_o,o,2646.0,2,5,18
hos_vogal_o,o,599.76,0,4,19
hos_vogal_o,o,1005.48,1,4,19
hos_vogal_o,o,2725.38,2,4,19
hos_vogal_o_2,o,652.6800000000001,0,6,1
hos_vogal_o_2,o,908.46,1,6,1
hos_vogal_o_2,o,2143.26,2,6,1
hos_vogal_o_2,o,626.22,0,6,2
hos_vogal_o_2,o,908.46,1,6,2
hos_vogal_o_2,o,2072.7000000000003,2,6,2
hos_vogal_o_2,o,661.5,0,6,3
hos_vogal_o_2,o,952.5600000000001,1,6,3
hos_vogal_o_2,o,2769.48,2,6,3
hos_vogal_o_2,o,670.32,0,5,4
hos_vogal_o_2,o,970.2,1,5,4
hos_vogal_o_2,o,2769.48,2,5,4
hos_vogal_o_2,o,652.6800000000001,0,4,5
hos_vogal_o_2,o,934.9200000000001,1,4,5
hos_vogal_o_2,o,2707.7400000000002,2,4,5
hos_vogal_o_2,o,643.86,0,4,6
hos_vogal_o_2,o,970.2,1,4,6
hos_vogal_o_2,o,2716.56,2,4,6
hos_vogal_o_2,o,679.14,0,5,7
hos_vogal_o_2,o,934.9200000000001,1,5,7
hos_vogal_o_2,o,2681.28,2,5,7
hos_vogal_o_2,o,661.5,0,5,8
hos_vogal_o_2,o,934.9200000000001,1,5,8
hos_vogal_o_2,o,2646.0,2,5,8
hos_vogal_o_2,o,679.14,0,6,9
hos_vogal_o_2,o,934.9200000000001,1,6,9
hos_vogal_o_2,o,2663.64,2,6,9
hos_vogal_o_2,o,670.32,0,5,10
hos_vogal_o_2,o,961.38,1,5,10
hos_vogal_o_2,o,2646.0,2,5,10
hos_vogal_o_2,o,652.6800000000001,0,5,11
hos_vogal_o_2,o,979.02,1,5,11
hos_vogal_o_2,o,2698.92,2,5,11
hos_vogal_o_2,o,661.5,0,5,12
hos_vogal_o_2,o,987.84,1,5,12
hos_vogal_o_2,o,2760.6600000000003,2,5,12
hos_vogal_o_2,o,670.32,0,6,13
hos_vogal_o_2,o,934.9200000000001,1,6,13
hos_vogal_o_2,o,2751.84,2,6,13
hos_vogal_o_2,o,643.86,0,5,14
hos_vogal_o_2,o,952.5600000000001,1,5,14
hos_vogal_o_2,o,2769.48,2,5,14
hos_vogal_o_2,o,652.6800000000001,0,4,15
hos_vogal_o_2,o,943.74,1,4,15
hos_vogal_o_2,o,2690.1,2,4,15
hos_vogal_o_2,o,679.14,0,4,16
hos_vogal_o_2,o,952.5600000000001,1,4,16
hos_vogal_o_2,o,2707.7400000000002,2,4,16
hos_vogal_o_2,o,679.14,0,6,17
hos_vogal_o_2,o,952.5600000000001,1,6,17
hos_vogal_o_2,o,2778.3,2,6,17
hos_vogal_o_2,o,652.6800000000001,0,6,18
hos_vogal_o_2,o,926.1,1,6,18
hos_vogal_o_2,o,2769.48,2,6,18
hos_vogal_o_2,o,652.6800000000001,0,5,19
hos_vogal_o_2,o,979.02,1,5,19
hos_vogal_o_2,o,2646.0,2,5,19
hos_vogal_u,u,282.24,0,6,1
hos_vogal_u,u,802.62,1,6,1
hos_vogal_u,u,2451.96,2,6,1
hos_vogal_u,u,273.42,0,6,2
hos_vogal_u,u,784.98,1,6,2
hos_vogal_u,u,2469.6,2,6,2
hos_vogal_u,u,282.24,0,4,3
hos_vogal_u,u,705.6,1,4,3
hos_vogal_u,u,2478.42,2,4,3
hos_vogal_u,u,273.42,0,4,4
hos_vogal_u,u,687.96,1,4,4
hos_vogal_u,u,2416.6800000000003,2,4,4
hos_vogal_u,u,273.42,0,6,5
hos_vogal_u,u,705.6,1,6,5
hos_vogal_u,u,2381.4,2,6,5
hos_vogal_u,u,273.42,0,5,6
hos_vogal_u,u,705.6,1,5,6
hos_vogal_u,u,1913.94,2,5,6
hos_vogal_u,u,273.42,0,6,7
hos_vogal_u,u,714.4200000000001,1,6,7
hos_vogal_u,u,1640.52,2,6,7
hos_vogal_u,u,273.42,0,7,8
hos_vogal_u,u,705.6,1,7,8
hos_vogal_u,u,1622.88,2,7,8
hos_vogal_u,u,273.42,0,6,9
hos_vogal_u,u,705.6,1,6,9
hos_vogal_u,u,2504.88,2,6,9
hos_vogal_u,u,273.42,0,5,10
hos_vogal_u,u,714.4200000000001,1,5,10
hos_vogal_u,u,2328.48,2,5,10
hos_vogal_u,u,273.42,0,4,11
hos_vogal_u,u,714.4200000000001,1,4,11
hos_vogal_u,u,2354.94,2,4,11
hos_vogal_u,u,273.42,0,5,12
hos_vogal_u,u,705.6,1,5,12
hos_vogal_u,u,2548.98,2,5,12
hos_vogal_u,u,273.42,0,7,13
hos_vogal_u,u,705.6,1,7,13
hos_vogal_u,u,2372.58,2,7,13
hos_vogal_u,u,273.42,0,6,14
hos_vogal_u,u,705.6,1,6,14
hos_vogal_u,u,2416.6800000000003,2,6,14
hos_vogal_u,u,282.24,0,6,15
hos_vogal_u,u,626.22,1,6,15
hos_vogal_u,u,2407.86,2,6,15
hos_vogal_u,u,282.24,0,5,16
hos_vogal_u,u,2390.2200000000003,1,5,16
hos_vogal_u,u,3430.98,2,5,16
hos_vogal_u,u,273.42,0,6,17
hos_vogal_u,u,723.24,1,6,17
hos_vogal_u,u,2390.2200000000003,2,6,17
hos_vogal_u,u,273.42,0,5,18
hos_vogal_u,u,714.4200000000001,1,5,18
hos_vogal_u,u,2381.4,2,5,18
hos_vogal_u,u,273.42,0,6,19
hos_vogal_u,u,590.94,1,6,19
hos_vogal_u,u,2416.6800000000003,2,6,19
hos_vogal_u_2,u,238.14000000000001,0,5,1
hos_vogal_u_2,u,732.0600000000001,1,5,1
hos_vogal_u_2,u,1711.0800000000002,2,5,1
hos_vogal_u_2,u,246.96,0,5,2
hos_vogal_u_2,u,740.88,1,5,2
hos_vogal_u_2,u,1481.76,2,5,2
hos_vogal_u_2,u,246.96,0,4,3
hos_vogal_u_2,u,740.88,1,4,3
hos_vogal_u_2,u,2416.6800000000003,2,4,3
hos_vogal_u_2,u,246.96,0,5,4
hos_vogal_u_2,u,740.88,1,5,4
hos_vogal_u_2,u,2346.12,2,5,4
hos_vogal_u_2,u,246.96,0,5,5
hos_vogal_u_2,u,740.88,1,5,5
hos_vogal_u_2,u,2460.78,2,5,5
hos_vogal_u_2,u,246.96,0,7,6
hos_vogal_u_2,u,732.0600000000001,1,7,6
hos_vogal_u_2,u,1446.48,2,7,6
hos_vogal_u_2,u,246.96,0,6,7
hos_vogal_u_2,u,740.88,1,6,7
hos_vogal_u_2,u,2319.66,2,6,7
hos_vogal_u_2,u,255.78,0,7,8
hos_vogal_u_2,u,749.7,1,7,8
hos_vogal_u_2,u,2293.2000000000003,2,7,8
hos_vogal_u_2,u,246.96,0,5,9
hos_vogal_u_2,u,740.88,1,5,9
hos_vogal_u_2,u,2381.4,2,5,9
hos_vogal_u_2,u,246.96,0,6,10
hos_vogal_u_2,u,740.88,1,6,10
hos_vogal_u_2,u,2319.66,2,6,10
hos_vogal_u_2,u,246.96,0,5,11
hos_vogal_u_2,u,740.88,1,5,11
hos_vogal_u_2,u,2372.58,2,5,11
hos_vogal_u_2,u,246.96,0,6,12
hos_vogal_u_2,u,740.88,1,6,12
hos_vogal_u_2,u,2319.66,2,6,12
hos_vogal_u_2,u,255.78,0,7,13
hos_vogal_u_2,u,749.7,1,7,13
hos_vogal_u_2,u,1472.94,2,7,13
hos_vogal_u_2,u,246.96,0,6,14
hos_vogal_u_2,u,732.0600000000001,1,6,14
hos_vogal_u_2,u,2302.02,2,6,14
hos_vogal_u_2,u,238.14000000000001,0,6,15
hos_vogal_u_2,u,732.0600000000001,1,6,15
hos_vogal_u_2,u,2328.48,2,6,15
hos_vogal_u_2,u,246.96,0,6,16
hos_vogal_u_2,u,740.88,1,6,16
hos_vogal_u_2,u,2328.48,2,6,16
hos_vogal_u_2,u,238.14000000000001,0,6,17
hos_vogal_u_2,u,732.0600000000001,1,6,17
hos_vogal_u_2,u,2337.3,2,6,17
hos_vogal_u_2,u,238.14000000000001,0,7,18
hos_vogal_u_2,u,732.0600000000001,1,7,18
hos_vogal_u_2,u,1428.8400000000001,2,7,18
hos_vogal_u_2,u,246.96,0,7,19
hos_vogal_u_2,u,740.88,1,7,19
hos_vogal_u_2,u,1428.8400000000001,2,7,19
leo_vogal_a,a,696.78,0,6,1
leo_vogal_a,a,1058.4,1,6,1
leo_vogal_a,a,2399.04,2,6,1
leo_vogal_a,a,643.86,0,5,2
leo_vogal_a,a,1067.22,1,5,2
leo_vogal_a,a,2381.4,2,5,2
leo_vogal_a,a,635.04,0,5,3
leo_vogal_a,a,1040.76,1,5,3
leo_vogal_a,a,2346.12,2,5,3
leo_vogal_a,a,661.5,0,5,4
leo_vogal_a,a,1005.48,1,5,4
leo_vogal_a,a,2337.3,2,5,4
leo_vogal_a,a,661.5,0,5,5
leo_vogal_a,a,1023.12,1,5,5
leo_vogal_a,a,2390.2200000000003,2,5,5
leo_vogal_a,a,670.32,0,4,6
leo_vogal_a,a,987.84,1,4,6
leo_vogal_a,a,2354.94,2,4,6
leo_vogal_a,a,652.6800000000001,0,4,7
leo_vogal_a,a,1040.76,1,4,7
leo_vogal_a,a,2381.4,2,4,7
leo_vogal_a,a,652.6800000000001,0,5,8
leo_vogal_a,a,1014.3000000000001,1,5,8
leo_vogal_a,a,2390.2200000000003,2,5,8
leo_vogal_a,a,652.6800000000001,0,5,9
leo_vogal_a,a,1093.68,1,5,9
leo_vogal_a,a,2372.58,2,5,9
leo_vogal_a,a,643.86,0,5,10
leo_vogal_a,a,979.02,1,5,10
leo_vogal_a,a,2372.58,2,5,10
leo_vogal_a,a,643.86,0,5,11
leo_vogal_a,a,1014.3000000000001,1,5,11
leo_vogal_a,a,2390.2200000000003,2,5,11
leo_vogal_a,a,643.86,0,6,12
leo_vogal_a,a,1014.3000000000001,1,6,12
leo_vogal_a,a,2381.4,2,6,12
leo_vogal_a,a,643.86,0,6,13
leo_vogal_a,a,1005.48,1,6,13
leo_vogal_a,a,2372.58,2,6,13
leo_vogal_a,a,635.04,0,5,14
leo_vogal_a,a,1040.76,1,5,14
leo_vogal_a,a,2363.76,2,5,14
leo_vogal_a,a,643.86,0,5,15
leo_vogal_a,a,1040.76,1,5,15
leo_vogal_a,a,2372.58,2,5,15
leo_vogal_a,a,635.04,0,5,16
leo_vogal_a,a,987.84,1,5,16
leo_vogal_a,a,2381.4,2,5,16
leo_vogal_a,a,635.04,0,5,17
leo_vogal_a,a,1040.76,1,5,17
leo_vogal_a,a,2346.12,2,5,17
leo_vogal_a,a,635.04,0,4,18
leo_vogal_a,a,2354.94,1,4,18
leo_vogal_a,a,3466.26,2,4,18
leo_vogal_a,a,635.04,0,5,19
leo_vogal_a,a,1014.3000000000001,1,5,19
leo_vogal_a,a,2399.04,2,5,19
leo_vogal_e,e,546.84,0,4,1
leo_vogal_e,e,1843.38,1,4,1
leo_vogal_e,e,2407.86,2,4,1
leo_vogal_e,e,538.02,0,6,2
leo_vogal_e,e,1861.02,1,6,2
leo_vogal_e,e,2399.04,2,6,2
leo_vogal_e,e,520.38,0,5,3
leo_vogal_e,e,1799.28,1,5,3
leo_vogal_e,e,2372.58,2,5,3
leo_vogal_e,e,520.38,0,5,4
leo_vogal_e,e,1808.1000000000001,1,5,4
leo_vogal_e,e,2399.04,2,5,4
leo_vogal_e,e,520.38,0,5,5
leo_vogal_e,e,1781.64,1,5,5
leo_vogal_e,e,2407.86,2,5,5
leo_vogal_e,e,520.38,0,5,6
leo_vogal_e,e,1764.0,1,5,6
leo_vogal_e,e,2407.86,2,5,6
leo_vogal_e,e,511.56,0,5,7
leo_vogal_e,e,1790.46,1,5,7
leo_vogal_e,e,2407.86,2,5,7
leo_vogal_e,e,511.56,0,5,8
leo_vogal_e,e,1772.8200000000002,1,5,8
leo_vogal_e,e,2416.6800000000003,2,5,8
leo_vogal_e,e,511.56,0,6,9
leo_vogal_e,e,1772.8200000000002,1,6,9
leo_vogal_e,e,2407.86,2,6,9
leo_vogal_e,e,511.56,0,6,10
leo_vogal_e,e,1772.8200000000002,1,6,10
leo_vogal_e,e,2407.86,2,6,10
leo_vogal_e,e,511.56,0,6,11
leo_vogal_e,e,1772.8200000000002,1,6,11
leo_vogal_e,e,2399.04,2,6,11
leo_vogal_e,e,511.56,0,6,12
leo_vogal_e,e,1755.18,1,6,12
leo_vogal_e,e,2425.5,2,6,12
leo_vogal_e,e,511.56,0,6,13
leo_vogal_e,e,1737.54,1,6,13
leo_vogal_e,e,2390.2200000000003,2,6,13
leo_vogal_e,e,511.56,0,5,14
leo_vogal_e,e,1764.0,1,5,14
leo_vogal_e,e,2416.6800000000003,2,5,14
leo_vogal_e,e,502.74,0,5,15
leo_vogal_e,e,1755.18,1,5,15
leo_vogal_e,e,2407.86,2,5,15
leo_vogal_e,e,511.56,0,6,16
leo_vogal_e,e,1746.3600000000001,1,6,16
leo_vogal_e,e,2399.04,2,6,16
leo_vogal_e,e,502.74,0,6,17
leo_vogal_e,e,1755.18,1,6,17
leo_vogal_e,e,2399.04,2,6,17
leo_vogal_e,e,502.74,0,5,18
leo_vogal_e,e,1755.18,1,5,18
leo_vogal_e,e,2399.04,2,5,18
leo_vogal_e,e,511.56,0,5,19
leo_vogal_e,e,1746.3600000000001,1,5,19
leo_vogal_e,e,2399.04,2,5,19
leo_vogal_i,i,299.88,0,7,1
leo_vogal_i,i,2028.6000000000001,1,7,1
leo_vogal_i,i,2646.0,2,7,1
leo_vogal_i,i,299.88,0,5,2
leo_vogal_i,i,2028.6000000000001,1,5,2
leo_vogal_i,i,3078.1800000000003,2,5,2
leo_vogal_i,i,299.88,0,6,3
leo_vogal_i,i,2010.96,1,6,3
leo_vogal_i,i,2822.4,2,6,3
leo_vogal_i,i,299.88,0,6,4
leo_vogal_i,i,2010.96,1,6,4
leo_vogal_i,i,2892.96,2,6,4
leo_vogal_i,i,308.7,0,4,5
leo_vogal_i,i,2010.96,1,4,5
leo_vogal_i,i,2937.06,2,4,5
leo_vogal_i,i,308.7,0,6,6
leo_vogal_i,i,2002.14,1,6,6
leo_vogal_i,i,2919.42,2,6,6
leo_vogal_i,i,299.88,0,6,7
leo_vogal_i,i,1922.76,1,6,7
leo_vogal_i,i,2954.7000000000003,2,6,7
leo_vogal_i,i,299.88,0,6,8
leo_vogal_i,i,1913.94,1,6,8
leo_vogal_i,i,2910.6,2,6,8
leo_vogal_i,i,299.88,0,5,9
leo_vogal_i,i,1843.38,1,5,9
leo_vogal_i,i,2945.88,2,5,9
leo_vogal_i,i,299.88,0,4,10
leo_vogal_i,i,1816.92,1,4,10
leo_vogal_i,i,2954.7000000000003,2,4,10
leo_vogal_i,i,299.88,0,6,11
leo_vogal_i,i,1799.28,1,6,11
leo_vogal_i,i,2954.7000000000003,2,6,11
leo_vogal_i,i,299.88,0,6,12
leo_vogal_i,i,1772.8200000000002,1,6,12
leo_vogal_i,i,2963.52,2,6,12
leo_vogal_i,i,291.06,0,6,13
leo_vogal_i,i,1781.64,1,6,13
leo_vogal_i,i,2945.88,2,6,13
leo_vogal_i,i,291.06,0,6,14
leo_vogal_i,i,1816.92,1,6,14
leo_vogal_i,i,2884.14,2,6,14
leo_vogal_i,i,299.88,0,5,15
leo_vogal_i,i,1808.1000000000001,1,5,15
leo_vogal_i,i,2884.14,2,5,15
leo_vogal_i,i,291.06,0,5,16
leo_vogal_i,i,1816.92,1,5,16
leo_vogal_i,i,2910.6,2,5,16
leo_vogal_i,i,291.06,0,5,17
leo_vogal_i,i,1790.46,1,5,17
leo_vogal_i,i,2919.42,2,5,17
leo_vogal_i,i,291.06,0,5,18
leo_vogal_i,i,1772.8200000000002,1,5,18
leo_vogal_i,i,2954.7000000000003,2,5,18
leo_vogal_i,i,291.06,0,4,19
leo_vogal_i,i,1781.64,1,4,19
leo_vogal_i,i,2937.06,2,4,19
leo_vogal_o,o,564.48,0,5,1
leo_vogal_o,o,970.2,1,5,1
leo_vogal_o,o,2425.5,2,5,1
leo_vogal_o,o,564.48,0,5,2
leo_vogal_o,o,899.64,1,5,2
leo_vogal_o,o,2425.5,2,5,2
leo_vogal_o,o,564.48,0,5,3
leo_vogal_o,o,899.64,1,5,3
leo_vogal_o,o,2425.5,2,5,3
leo_vogal_o,o,555.66,0,4,4
leo_vogal_o,o,908.46,1,4,4
leo_vogal_o,o,2460.78,2,4,4
leo_vogal_o,o,538.02,0,5,5
leo_vogal_o,o,908.46,1,5,5
leo_vogal_o,o,2540.16,2,5,5
leo_vogal_o,o,538.02,0,5,6
leo_vogal_o,o,926.1,1,5,6
leo_vogal_o,o,2548.98,2,5,6
leo_vogal_o,o,546.84,0,5,7
leo_vogal_o,o,961.38,1,5,7
leo_vogal_o,o,2522.52,2,5,7
leo_vogal_o,o,555.66,0,5,8
leo_vogal_o,o,961.38,1,5,8
leo_vogal_o,o,2522.52,2,5,8
leo_vogal_o,o,538.02,0,5,9
leo_vogal_o,o,952.5600000000001,1,5,9
leo_vogal_o,o,2522.52,2,5,9
leo_vogal_o,o,538.02,0,6,10
leo_vogal_o,o,952.5600000000001,1,6,10
leo_vogal_o,o,2487.2400000000002,2,6,10
leo_vogal_o,o,546.84,0,6,11
leo_vogal_o,o,970.2,1,6,11
leo_vogal_o,o,2469.6,2,6,11
leo_vogal_o,o,546.84,0,6,12
leo_vogal_o,o,952.5600000000001,1,6,12
leo_vogal_o,o,2478.42,2,6,12
leo_vogal_o,o,538.02,0,6,13
leo_vogal_o,o,961.38,1,6,13
leo_vogal_o,o,2478.42,2,6,13
leo_vogal_o,o,538.02,0,6,14
leo_vogal_o,o,979.02,1,6,14
leo_vogal_o,o,2469.6,2,6,14
leo_vogal_o,o,546.84,0,6,15
leo_vogal_o,o,979.02,1,6,15
leo_vogal_o,o,2469.6,2,6,15
leo_vogal_o,o,546.84,0,6,16
leo_vogal_o,o,979.02,1,6,16
leo_vogal_o,o,2460.78,2,6,16
leo_vogal_o,o,546.84,0,6,17
leo_vogal_o,o,979.02,1,6,17
leo_vogal_o,o,2451.96,2,6,17
leo_vogal_o,o,555.66,0,6,18
leo_vogal_o,o,996.6600000000001,1,6,18
leo_vogal_o,o,2460.78,2,6,18
leo_vogal_o,o,546.84,0,6,19
leo_vogal_o,o,996.6600000000001,1,6,19
leo_vogal_o,o,2469.6,2,6,19
leo_vogal_u,u,379.26,0,6,1
leo_vogal_u,u,723.24,1,6,1
leo_vogal_u,u,2160.9,2,6,1
leo_vogal_u,u,388.08000000000004,0,6,2
leo_vogal_u,u,723.24,1,6,2
leo_vogal_u,u,2178.54,2,6,2
leo_vogal_u,u,370.44,0,7,3
leo_vogal_u,u,696.78,1,7,3
leo_vogal_u,u,2187.36,2,7,3
leo_vogal_u,u,396.90000000000003,0,7,4
leo_vogal_u,u,679.14,1,7,4
leo_vogal_u,u,2196.1800000000003,2,7,4
leo_vogal_u,u,388.08000000000004,0,7,5
leo_vogal_u,u,696.78,1,7,5
leo_vogal_u,u,2152.08,2,7,5
leo_vogal_u,u,361.62,0,6,6
leo_vogal_u,u,696.78,1,6,6
leo_vogal_u,u,2134.44,2,6,6
leo_vogal_u,u,388.08000000000004,0,6,7
leo_vogal_u,u,687.96,1,6,7
leo_vogal_u,u,2116.8,2,6,7
leo_vogal_u,u,396.90000000000003,0,7,8
leo_vogal_u,u,670.32,1,7,8
leo_vogal_u,u,2107.98,2,7,8
leo_vogal_u,u,396.90000000000003,0,6,9
leo_vogal_u,u,661.5,1,6,9
leo_vogal_u,u,2090.34,2,6,9
leo_vogal_u,u,405.72,0,5,10
leo_vogal_u,u,679.14,1,5,10
leo_vogal_u,u,2099.16,2,5,10
leo_vogal_u,u,414.54,0,6,11
leo_vogal_u,u,670.32,1,6,11
leo_vogal_u,u,2107.98,2,6,11
leo_vogal_u,u,405.72,0,6,12
leo_vogal_u,u,696.78,1,6,12
leo_vogal_u,u,2125.62,2,6,12
leo_vogal_u,u,405.72,0,6,13
leo_vogal_u,u,687.96,1,6,13
leo_vogal_u,u,2090.34,2,6,13
leo_vogal_u,u,352.8,0,6,14
leo_vogal_u,u,687.96,1,6,14
leo_vogal_u,u,2099.16,2,6,14
leo_vogal_u,u,388.08000000000004,0,6,15
leo_vogal_u,u,670.32,1,6,15
leo_vogal_u,u,2072.7000000000003,2,6,15
leo_vogal_u,u,379.26,0,6,16
leo_vogal_u,u,687.96,1,6,16
leo_vogal_u,u,2072.7000000000003,2,6,16
leo_vogal_u,u,388.08000000000004,0,6,17
leo_vogal_u,u,670.32,1,6,17
leo_vogal_u,u,2063.88,2,6,17
leo_vogal_u,u,396.90000000000003,0,5,18
leo_vogal_u,u,696.78,1,5,18
leo_vogal_u,u,2063.88,2,5,18
leo_vogal_u,u,370.44,0,5,19
leo_vogal_u,u,679.14,1,5,19
leo_vogal_u,u,2072.7000000000003,2,5,19
LFBA_Volgal_A,a,576.0,0,6,1
LFBA_Volgal_A,a,1056.0,1,6,1
LFBA_Volgal_A,a,2448.0,2,6,1
LFBA_Volgal_A,a,624.0,0,5,2
LFBA_Volgal_A,a,2313.6,1,5,2
LFBA_Volgal_A,a,3504.0,2,5,2
LFBA_Volgal_A,a,604.8,0,6,3
LFBA_Volgal_A,a,1353.6,1,6,3
LFBA_Volgal_A,a,2275.2,2,6,3
LFBA_Volgal_A,a,624.0,0,6,4
LFBA_Volgal_A,a,1536.0,1,6,4
LFBA_Volgal_A,a,2227.2,2,6,4
LFBA_Volgal_A,a,681.6,0,6,5
LFBA_Volgal_A,a,1574.3999999999999,1,6,5
LFBA_Volgal_A,a,2400.0,2,6,5
LFBA_Volgal_A,a,624.0,0,6,6
LFBA_Volgal_A,a,1488.0,1,6,6
LFBA_Volgal_A,a,2419.2,2,6,6
LFBA_Volgal_A,a,604.8,0,6,7
LFBA_Volgal_A,a,1286.3999999999999,1,6,7
LFBA_Volgal_A,a,2467.2,2,6,7
LFBA_Volgal_A,a,624.0,0,5,8
LFBA_Volgal_A,a,1209.6,1,5,8
LFBA_Volgal_A,a,2524.7999999999997,2,5,8
LFBA_Volgal_A,a,595.1999999999999,0,6,9
LFBA_Volgal_A,a,1276.8,1,6,9
LFBA_Volgal_A,a,2457.6,2,6,9
LFBA_Volgal_A,a,595.1999999999999,0,4,10
LFBA_Volgal_A,a,2409.6,1,4,10
LFBA_Volgal_A,a,3859.2,2,4,10
LFBA_Volgal_A,a,556.8,0,5,11
LFBA_Volgal_A,a,1036.8,1,5,11
LFBA_Volgal_A,a,2409.6,2,5,11
LFBA_Volgal_A,a,595.1999999999999,0,5,12
LFBA_Volgal_A,a,1238.3999999999999,1,5,12
LFBA_Volgal_A,a,2419.2,2,5,12
LFBA_Volgal_A,a,547.1999999999999,0,5,13
LFBA_Volgal_A,a,1171.2,1,5,13
LFBA_Volgal_A,a,2400.0,2,5,13
LFBA_Volgal_A,a,624.0,0,3,14
LFBA_Volgal_A,a,3820.7999999999997,1,3,14
LFBA_Volgal_A,a,5289.599999999999,2,3,14
LFBA_Volgal_A,a,643.1999999999999,0,4,15
LFBA_Volgal_A,a,3859.2,1,4,15
LFBA_Volgal_A,a,5212.8,2,4,15
LFBA_Volgal_A,a,624.0,0,4,16
LFBA_Volgal_A,a,1152.0,1,4,16
LFBA_Volgal_A,a,3849.6,2,4,16
LFBA_Volgal_A,a,604.8,0,4,17
LFBA_Volgal_A,a,1161.6,1,4,17
LFBA_Volgal_A,a,3888.0,2,4,17
LFBA_Volgal_A,a,595.1999999999999,0,5,18
LFBA_Volgal_A,a,1171.2,1,5,18
LFBA_Volgal_A,a,2323.2,2,5,18
LFBA_Volgal_A,a,604.8,0,4,19
LFBA_Volgal_A,a,1123.2,1,4,19
LFBA_Volgal_A,a,3820.7999999999997,2,4,19
LFBA_Volgal_E,e,355.2,0,5,1
LFBA_Volgal_E,e,2112.0,1,5,1
LFBA_Volgal_E,e,3724.7999999999997,2,5,1
LFBA_Volgal_E,e,345.59999999999997,0,5,2
LFBA_Volgal_E,e,2006.3999999999999,1,5,2
LFBA_Volgal_E,e,3724.7999999999997,2,5,2
LFBA_Volgal_E,e,345.59999999999997,0,6,3
LFBA_Volgal_E,e,2006.3999999999999,1,6,3
LFBA_Volgal_E,e,2601.6,2,6,3
LFBA_Volgal_E,e,345.59999999999997,0,5,4
LFBA_Volgal_E,e,2054.4,1,5,4
LFBA_Volgal_E,e,3705.6,2,5,4
LFBA_Volgal_E,e,345.59999999999997,0,5,5
LFBA_Volgal_E,e,1996.8,1,5,5
LFBA_Volgal_E,e,3705.6,2,5,5
LFBA_Volgal_E,e,355.2,0,6,6
LFBA_Volgal_E,e,1996.8,1,6,6
LFBA_Volgal_E,e,2467.2,2,6,6
LFBA_Volgal_E,e,355.2,0,5,7
LFBA_Volgal_E,e,2016.0,1,5,7
LFBA_Volgal_E,e,2467.2,2,5,7
LFBA_Volgal_E,e,345.59999999999997,0,4,8
LFBA_Volgal_E,e,2016.0,1,4,8
LFBA_Volgal_E,e,3763.2,2,4,8
LFBA_Volgal_E,e,355.2,0,5,9
LFBA_Volgal_E,e,2016.0,1,5,9
LFBA_Volgal_E,e,2659.2,2,5,9
LFBA_Volgal_E,e,355.2,0,6,10
LFBA_Volgal_E,e,2025.6,1,6,10
LFBA_Volgal_E,e,2572.7999999999997,2,6,10
LFBA_Volgal_E,e,355.2,0,5,11
LFBA_Volgal_E,e,2006.3999999999999,1,5,11
LFBA_Volgal_E,e,2601.6,2,5,11
LFBA_Volgal_E,e,345.59999999999997,0,5,12
LFBA_Volgal_E,e,1939.1999999999998,1,5,12
LFBA_Volgal_E,e,2620.7999999999997,2,5,12
LFBA_Volgal_E,e,355.2,0,5,13
LFBA_Volgal_E,e,1977.6,1,5,13
LFBA_Volgal_E,e,2630.4,2,5,13
LFBA_Volgal_E,e,355.2,0,5,14
LFBA_Volgal_E,e,1910.3999999999999,1,5,14
LFBA_Volgal_E,e,2601.6,2,5,14
LFBA_Volgal_E,e,364.8,0,5,15
LFBA_Volgal_E,e,1881.6,1,5,15
LFBA_Volgal_E,e,2611.2,2,5,15
LFBA_Volgal_E,e,364.8,0,5,16
LFBA_Volgal_E,e,1852.8,1,5,16
LFBA_Volgal_E,e,2601.6,2,5,16
LFBA_Volgal_E,e,374.4,0,5,17
LFBA_Volgal_E,e,1814.3999999999999,1,5,17
LFBA_Volgal_E,e,2572.7999999999997,2,5,17
LFBA_Volgal_E,e,328.7671232876712,0,6,18
LFBA_Volgal_E,e,1808.2191780821918,1,6,18
LFBA_Volgal_E,e,2630.1369863013697,2,6,18
LFBA_Volgal_I,i,336.0,0,7,1
LFBA_Volgal_I,i,1084.8,1,7,1
LFBA_Volgal_I,i,2217.6,2,7,1
LFBA_Volgal_I,i,355.2,0,5,2
LFBA_Volgal_I,i,2140.7999999999997,1,5,2
LFBA_Volgal_I,i,3705.6,2,5,2
LFBA_Volgal_I,i,345.59999999999997,0,6,3
LFBA_Volgal_I,i,2131.2,1,6,3
LFBA_Volgal_I,i,3110.4,2,6,3
LFBA_Volgal_I,i,336.0,0,6,4
LFBA_Volgal_I,i,2169.6,1,6,4
LFBA_Volgal_I,i,3052.7999999999997,2,6,4
LFBA_Volgal_I,i,336.0,0,6,5
LFBA_Volgal_I,i,2198.4,1,6,5
LFBA_Volgal_I,i,3120.0,2,6,5
LFBA_Volgal_I,i,326.4,0,5,6
LFBA_Volgal_I,i,2150.4,1,5,6
LFBA_Volgal_I,i,3072.0,2,5,6
LFBA_Volgal_I,i,326.4,0,5,7
LFBA_Volgal_I,i,2150.4,1,5,7
LFBA_Volgal_I,i,3052.7999999999997,2,5,7
LFBA_Volgal_I,i,326.4,0,5,8
LFBA_Volgal_I,i,2140.7999999999997,1,5,8
LFBA_Volgal_I,i,3033.6,2,5,8
LFBA_Volgal_I,i,336.0,0,6,9
LFBA_Volgal_I,i,2150.4,1,6,9
LFBA_Volgal_I,i,2908.7999999999997,2,6,9
LFBA_Volgal_I,i,336.0,0,6,10
LFBA_Volgal_I,i,2150.4,1,6,10
LFBA_Volgal_I,i,2899.2,2,6,10
LFBA_Volgal_I,i,326.4,0,6,11
LFBA_Volgal_I,i,2140.7999999999997,1,6,11
LFBA_Volgal_I,i,2899.2,2,6,11
LFBA_Volgal_I,i,326.4,0,6,12
LFBA_Volgal_I,i,2160.0,1,6,12
LFBA_Volgal_I,i,3004.7999999999997,2,6,12
LFBA_Volgal_I,i,326.4,0,6,13
LFBA_Volgal_I,i,2131.2,1,6,13
LFBA_Volgal_I,i,2947.2,2,6,13
LFBA_Volgal_I,i,326.4,0,6,14
LFBA_Volgal_I,i,2150.4,1,6,14
LFBA_Volgal_I,i,2908.7999999999997,2,6,14
LFBA_Volgal_I,i,326.4,0,6,15
LFBA_Volgal_I,i,2121.6,1,6,15
LFBA_Volgal_I,i,2908.7999999999997,2,6,15
LFBA_Volgal_I,i,326.4,0,6,16
LFBA_Volgal_I,i,2112.0,1,6,16
LFBA_Volgal_I,i,2937.6,2,6,16
LFBA_Volgal_I,i,326.4,0,6,17
LFBA_Volgal_I,i,2131.2,1,6,17
LFBA_Volgal_I,i,2947.2,2,6,17
LFBA_Volgal_I,i,326.4,0,5,18
LFBA_Volgal_I,i,2092.7999999999997,1,5,18
LFBA_Volgal_I,i,3004.7999999999997,2,5,18
LFBA_Volgal_I,i,316.8,0,6,19
LFBA_Volgal_I,i,2121.6,1,6,19
LFBA_Volgal_I,i,2918.4,2,6,19
LFBA_Volgal_O,o,528.0,0,6,1
LFBA_Volgal_O,o,768.0,1,6,1
LFBA_Volgal_O,o,2601.6,2,6,1
LFBA_Volgal_O,o,508.79999999999995,0,6,2
LFBA_Volgal_O,o,710.4,1,6,2
LFBA_Volgal_O,o,2582.4,2,6,2
LFBA_Volgal_O,o,508.79999999999995,0,6,3
LFBA_Volgal_O,o,2620.7999999999997,1,6,3
LFBA_Volgal_O,o,3446.4,2,6,3
LFBA_Volgal_O,o,518.4,0,6,4
LFBA_Volgal_O,o,2620.7999999999997,1,6,4
LFBA_Volgal_O,o,3398.4,2,6,4
LFBA_Volgal_O,o,528.0,0,6,5
LFBA_Volgal_O,o,2611.2,1,6,5
LFBA_Volgal_O,o,3369.6,2,6,5
LFBA_Volgal_O,o,518.4,0,6,6
LFBA_Volgal_O,o,2611.2,1,6,6
LFBA_Volgal_O,o,3350.4,2,6,6
LFBA_Volgal_O,o,528.0,0,6,7
LFBA_Volgal_O,o,2592.0,1,6,7
LFBA_Volgal_O,o,3398.4,2,6,7
LFBA_Volgal_O,o,528.0,0,6,8
LFBA_Volgal_O,o,2611.2,1,6,8
LFBA_Volgal_O,o,3379.2,2,6,8
LFBA_Volgal_O,o,518.4,0,7,9
LFBA_Volgal_O,o,1420.8,1,7,9
LFBA_Volgal_O,o,2582.4,2,7,9
LFBA_Volgal_O,o,508.79999999999995,0,6,10
LFBA_Volgal_O,o,2572.7999999999997,1,6,10
LFBA_Volgal_O,o,3350.4,2,6,10
LFBA_Volgal_O,o,508.79999999999995,0,7,11
LFBA_Volgal_O,o,1363.2,1,7,11
LFBA_Volgal_O,o,2572.7999999999997,2,7,11
LFBA_Volgal_O,o,508.79999999999995,0,6,12
LFBA_Volgal_O,o,2534.4,1,6,12
LFBA_Volgal_O,o,3302.4,2,6,12
LFBA_Volgal_O,o,508.79999999999995,0,6,13
LFBA_Volgal_O,o,2524.7999999999997,1,6,13
LFBA_Volgal_O,o,3312.0,2,6,13
LFBA_Volgal_O,o,518.4,0,6,14
LFBA_Volgal_O,o,2515.2,1,6,14
LFBA_Volgal_O,o,3302.4,2,6,14
LFBA_Volgal_O,o,528.0,0,6,15
LFBA_Volgal_O,o,2534.4,1,6,15
LFBA_Volgal_O,o,3302.4,2,6,15
LFBA_Volgal_O,o,528.0,0,6,16
LFBA_Volgal_O,o,2524.7999999999997,1,6,16
LFBA_Volgal_O,o,3331.2,2,6,16
LFBA_Volgal_O,o,528.0,0,6,17
LFBA_Volgal_O,o,2553.6,1,6,17
LFBA_Volgal_O,o,3331.2,2,6,17
LFBA_Volgal_O,o,528.0,0,6,18
LFBA_Volgal_O,o,2544.0,1,6,18
LFBA_Volgal_O,o,3360.0,2,6,18
LFBA_Volgal_O,o,528.0,0,6,19
LFBA_Volgal_O,o,2553.6,1,6,19
LFBA_Volgal_O,o,3379.2,2,6,19
LFBA_Volgal_U,u,364.8,0,6,1
LFBA_Volgal_U,u,796.8,1,6,1
LFBA_Volgal_U,u,2284.7999999999997,2,6,1
LFBA_Volgal_U,u,364.8,0,5,2
LFBA_Volgal_U,u,796.8,1,5,2
LFBA_Volgal_U,u,3244.7999999999997,2,5,2
LFBA_Volgal_U,u,355.2,0,6,3
LFBA_Volgal_U,u,748.8,1,6,3
LFBA_Volgal_U,u,3254.4,2,6,3
LFBA_Volgal_U,u,355.2,0,7,4
LFBA_Volgal_U,u,748.8,1,7,4
LFBA_Volgal_U,u,1497.6,2,7,4
LFBA_Volgal_U,u,345.59999999999997,0,6,5
LFBA_Volgal_U,u,748.8,1,6,5
LFBA_Volgal_U,u,3244.7999999999997,2,6,5
LFBA_Volgal_U,u,345.59999999999997,0,6,6
LFBA_Volgal_U,u,739.1999999999999,1,6,6
LFBA_Volgal_U,u,3273.6,2,6,6
LFBA_Volgal_U,u,345.59999999999997,0,5,7
LFBA_Volgal_U,u,729.6,1,5,7
LFBA_Volgal_U,u,3264.0,2,5,7
LFBA_Volgal_U,u,345.59999999999997,0,5,8
LFBA_Volgal_U,u,729.6,1,5,8
LFBA_Volgal_U,u,3254.4,2,5,8
LFBA_Volgal_U,u,345.59999999999997,0,5,9
LFBA_Volgal_U,u,720.0,1,5,9
LFBA_Volgal_U,u,3235.2,2,5,9
LFBA_Volgal_U,u,345.59999999999997,0,6,10
LFBA_Volgal_U,u,700.8,1,6,10
LFBA_Volgal_U,u,1641.6,2,6,10
LFBA_Volgal_U,u,336.0,0,5,11
LFBA_Volgal_U,u,710.4,1,5,11
LFBA_Volgal_U,u,3264.0,2,5,11
LFBA_Volgal_U,u,336.0,0,7,12
LFBA_Volgal_U,u,710.4,1,7,12
LFBA_Volgal_U,u,2198.4,2,7,12
LFBA_Volgal_U,u,336.0,0,6,13
LFBA_Volgal_U,u,700.8,1,6,13
LFBA_Volgal_U,u,2102.4,2,6,13
LFBA_Volgal_U,u,336.0,0,6,14
LFBA_Volgal_U,u,710.4,1,6,14
LFBA_Volgal_U,u,3292.7999999999997,2,6,14
LFBA_Volgal_U,u,345.59999999999997,0,7,15
LFBA_Volgal_U,u,710.4,1,7,15
LFBA_Volgal_U,u,2236.7999999999997,2,7,15
LFBA_Volgal_U,u,336.0,0,7,16
LFBA_Volgal_U,u,643.1999999999999,1,7,16
LFBA_Volgal_U,u,2179.2,2,7,16
LFBA_Volgal_U,u,336.0,0,6,17
LFBA_Volgal_U,u,691.1999999999999,1,6,17
LFBA_Volgal_U,u,3302.4,2,6,17
LFBA_Volgal_U,u,336.0,0,6,18
LFBA_Volgal_U,u,700.8,1,6,18
LFBA_Volgal_U,u,3283.2,2,6,18
LFBA_Volgal_U,u,336.0,0,6,19
LFBA_Volgal_U,u,700.8,1,6,19
LFBA_Volgal_U,u,3254.4,2,6,19
luiz_vogal_a,a,793.8000000000001,0,4,1
luiz_vogal_a,a,1217.16,1,4,1
luiz_vogal_a,a,2840.04,2,4,1
luiz_vogal_a,a,784.98,0,4,2
luiz_vogal_a,a,1208.3400000000001,1,4,2
luiz_vogal_a,a,2813.58,2,4,2
luiz_vogal_a,a,784.98,0,5,3
luiz_vogal_a,a,1199.52,1,5,3
luiz_vogal_a,a,2795.94,2,5,3
luiz_vogal_a,a,784.98,0,5,4
luiz_vogal_a,a,1217.16,1,5,4
luiz_vogal_a,a,2778.3,2,5,4
luiz_vogal_a,a,793.8000000000001,0,5,5
luiz_vogal_a,a,1217.16,1,5,5
luiz_vogal_a,a,2751.84,2,5,5
luiz_vogal_a,a,793.8000000000001,0,5,6
luiz_vogal_a,a,1225.98,1,5,6
luiz_vogal_a,a,2725.38,2,5,6
luiz_vogal_a,a,802.62,0,5,7
luiz_vogal_a,a,1270.08,1,5,7
luiz_vogal_a,a,2725.38,2,5,7
luiz_vogal_a,a,784.98,0,4,8
luiz_vogal_a,a,1234.8,1,4,8
luiz_vogal_a,a,2672.46,2,4,8
luiz_vogal_a,a,776.1600000000001,0,5,9
luiz_vogal_a,a,1225.98,1,5,9
luiz_vogal_a,a,2646.0,2,5,9
luiz_vogal_a,a,758.52,0,5,10
luiz_vogal_a,a,1234.8,1,5,10
luiz_vogal_a,a,2593.08,2,5,10
luiz_vogal_a,a,732.0600000000001,0,5,11
luiz_vogal_a,a,1225.98,1,5,11
luiz_vogal_a,a,2575.44,2,5,11
luiz_vogal_a,a,740.88,0,5,12
luiz_vogal_a,a,1208.3400000000001,1,5,12
luiz_vogal_a,a,2540.16,2,5,12
luiz_vogal_a,a,979.02,0,5,13
luiz_vogal_a,a,2460.78,1,5,13
luiz_vogal_a,a,3281.04,2,5,13
luiz_vogal_a,a,310.5633802816902,0,6,14
luiz_vogal_a,a,1925.492957746479,1,6,14
luiz_vogal_a,a,2732.9577464788736,2,6,14
luiz_vogal_e,e,520.38,0,6,1
luiz_vogal_e,e,1984.5,1,6,1
luiz_vogal_e,e,2866.5,2,6,1
luiz_vogal_e,e,564.48,0,6,2
luiz_vogal_e,e,1940.4,1,6,2
luiz_vogal_e,e,2787.12,2,6,2
luiz_vogal_e,e,555.66,0,5,3
luiz_vogal_e,e,1905.1200000000001,1,5,3
luiz_vogal_e,e,2813.58,2,5,3
luiz_vogal_e,e,564.48,0,4,4
luiz_vogal_e,e,1887.48,1,4,4
luiz_vogal_e,e,2663.64,2,4,4
luiz_vogal_e,e,582.12,0,4,5
luiz_vogal_e,e,1861.02,1,4,5
luiz_vogal_e,e,2619.54,2,4,5
luiz_vogal_e,e,582.12,0,5,6
luiz_vogal_e,e,1843.38,1,5,6
luiz_vogal_e,e,2522.52,2,5,6
luiz_vogal_e,e,599.76,0,6,7
luiz_vogal_e,e,1834.56,1,6,7
luiz_vogal_e,e,2451.96,2,6,7
luiz_vogal_e,e,590.94,0,6,8
luiz_vogal_e,e,1843.38,1,6,8
luiz_vogal_e,e,2460.78,2,6,8
luiz_vogal_e,e,590.94,0,5,9
luiz_vogal_e,e,1861.02,1,5,9
luiz_vogal_e,e,2795.94,2,5,9
luiz_vogal_e,e,590.94,0,4,10
luiz_vogal_e,e,1861.02,1,4,10
luiz_vogal_e,e,3836.7000000000003,2,4,10
luiz_vogal_e,e,608.58,0,4,11
luiz_vogal_e,e,1834.56,1,4,11
luiz_vogal_e,e,3792.6,2,4,11
luiz_vogal_e,e,617.4,0,5,12
luiz_vogal_e,e,1825.74,1,5,12
luiz_vogal_e,e,2460.78,2,5,12
luiz_vogal_e,e,608.58,0,5,13
luiz_vogal_e,e,1834.56,1,5,13
luiz_vogal_e,e,2804.76,2,5,13
luiz_vogal_e,e,608.58,0,4,14
luiz_vogal_e,e,1834.56,1,4,14
luiz_vogal_e,e,3819.06,2,4,14
luiz_vogal_e,e,617.4,0,4,15
luiz_vogal_e,e,1816.92,1,4,15
luiz_vogal_e,e,3748.5,2,4,15
luiz_vogal_e,e,608.58,0,4,16
luiz_vogal_e,e,1781.64,1,4,16
luiz_vogal_e,e,3739.6800000000003,2,4,16
luiz_vogal_e,e,590.94,0,5,17
luiz_vogal_e,e,1764.0,1,5,17
luiz_vogal_e,e,2390.2200000000003,2,5,17
luiz_vogal_e,e,518.5024752475247,0,4,18
luiz_vogal_e,e,1473.6386138613861,1,4,18
luiz_vogal_e,e,3411.2004950495048,2,4,18
luiz_vogal_i,i,255.78,0,4,1
luiz_vogal_i,i,2160.9,1,4,1
luiz_vogal_i,i,3228.12,2,4,1
luiz_vogal_i,i,255.78,0,5,2
luiz_vogal_i,i,2125.62,1,5,2
luiz_vogal_i,i,3201.6600000000003,2,5,2
luiz_vogal_i,i,255.78,0,5,3
luiz_vogal_i,i,2116.8,1,5,3
luiz_vogal_i,i,3192.84,2,5,3
luiz_vogal_i,i,255.78,0,6,4
luiz_vogal_i,i,2099.16,1,6,4
luiz_vogal_i,i,3184.02,2,6,4
luiz_vogal_i,i,255.78,0,6,5
luiz_vogal_i,i,2107.98,1,6,5
luiz_vogal_i,i,3166.38,2,6,5
luiz_vogal_i,i,246.96,0,6,6
luiz_vogal_i,i,2125.62,1,6,6
luiz_vogal_i,i,3166.38,2,6,6
luiz_vogal_i,i,255.78,0,5,7
luiz_vogal_i,i,2125.62,1,5,7
luiz_vogal_i,i,3184.02,2,5,7
luiz_vogal_i,i,255.78,0,5,8
luiz_vogal_i,i,2143.26,1,5,8
luiz_vogal_i,i,3175.2000000000003,2,5,8
luiz_vogal_i,i,255.78,0,5,9
luiz_vogal_i,i,2134.44,1,5,9
luiz_vogal_i,i,3201.6600000000003,2,5,9
luiz_vogal_i,i,255.78,0,4,10
luiz_vogal_i,i,2143.26,1,4,10
luiz_vogal_i,i,3175.2000000000003,2,4,10
luiz_vogal_i,i,264.6,0,4,11
luiz_vogal_i,i,2152.08,1,4,11
luiz_vogal_i,i,3184.02,2,4,11
luiz_vogal_i,i,264.6,0,4,12
luiz_vogal_i,i,2160.9,1,4,12
luiz_vogal_i,i,3166.38,2,4,12
luiz_vogal_i,i,264.6,0,5,13
luiz_vogal_i,i,2152.08,1,5,13
luiz_vogal_i,i,3192.84,2,5,13
luiz_vogal_i,i,264.6,0,5,14
luiz_vogal_i,i,2169.7200000000003,1,5,14
luiz_vogal_i,i,3166.38,2,5,14
luiz_vogal_i,i,273.42,0,4,15
luiz_vogal_i,i,2152.08,1,4,15
luiz_vogal_i,i,3192.84,2,4,15
luiz_vogal_i,i,264.6,0,5,16
luiz_vogal_i,i,1102.5,1,5,16
luiz_vogal_i,i,2116.8,2,5,16
luiz_vogal_i,i,329.33854907539114,0,6,17
luiz_vogal_i,i,1097.7951635846373,1,6,17
luiz_vogal_i,i,1960.348506401138,2,6,17
luiz_vogal_o,o,582.12,0,5,1
luiz_vogal_o,o,855.5400000000001,1,5,1
luiz_vogal_o,o,2857.6800000000003,2,5,1
luiz_vogal_o,o,573.3000000000001,0,6,2
luiz_vogal_o,o,829.08,1,6,2
luiz_vogal_o,o,2857.6800000000003,2,6,2
luiz_vogal_o,o,582.12,0,4,3
luiz_vogal_o,o,846.72,1,4,3
luiz_vogal_o,o,2831.2200000000003,2,4,3
luiz_vogal_o,o,582.12,0,4,4
luiz_vogal_o,o,846.72,1,4,4
luiz_vogal_o,o,2840.04,2,4,4
luiz_vogal_o,o,573.3000000000001,0,6,5
luiz_vogal_o,o,846.72,1,6,5
luiz_vogal_o,o,2875.32,2,6,5
luiz_vogal_o,o,582.12,0,4,6
luiz_vogal_o,o,846.72,1,4,6
luiz_vogal_o,o,2875.32,2,4,6
luiz_vogal_o,o,590.94,0,4,7
luiz_vogal_o,o,829.08,1,4,7
luiz_vogal_o,o,2901.78,2,4,7
luiz_vogal_o,o,608.58,0,5,8
luiz_vogal_o,o,882.0,1,5,8
luiz_vogal_o,o,2840.04,2,5,8
luiz_vogal_o,o,590.94,0,4,9
luiz_vogal_o,o,882.0,1,4,9
luiz_vogal_o,o,2884.14,2,4,9
luiz_vogal_o,o,599.76,0,4,10
luiz_vogal_o,o,864.36,1,4,10
luiz_vogal_o,o,2884.14,2,4,10
luiz_vogal_o,o,608.58,0,4,11
luiz_vogal_o,o,890.82,1,4,11
luiz_vogal_o,o,2875.32,2,4,11
luiz_vogal_o,o,590.94,0,4,12
luiz_vogal_o,o,873.1800000000001,1,4,12
luiz_vogal_o,o,2910.6,2,4,12
luiz_vogal_o,o,590.94,0,4,13
luiz_vogal_o,o,864.36,1,4,13
luiz_vogal_o,o,2910.6,2,4,13
luiz_vogal_o,o,599.76,0,4,14
luiz_vogal_o,o,882.0,1,4,14
luiz_vogal_o,o,2910.6,2,4,14
luiz_vogal_o,o,635.04,0,5,15
luiz_vogal_o,o,926.1,1,5,15
luiz_vogal_o,o,2813.58,2,5,15
luiz_vogal_o,o,601.3636363636363,0,5,16
luiz_vogal_o,o,1336.3636363636363,1,5,16
luiz_vogal_o,o,2338.6363636363635,2,5,16
luiz_vogal_u,u,335.16,0,6,1
luiz_vogal_u,u,652.6800000000001,1,6,1
luiz_vogal_u,u,2416.6800000000003,2,6,1
luiz_vogal_u,u,299.88,0,6,2
luiz_vogal_u,u,635.04,1,6,2
luiz_vogal_u,u,2399.04,2,6,2
luiz_vogal_u,u,326.34000000000003,0,7,3
luiz_vogal_u,u,643.86,1,7,3
luiz_vogal_u,u,2451.96,2,7,3
luiz_vogal_u,u,317.52,0,7,4
luiz_vogal_u,u,696.78,1,7,4
luiz_vogal_u,u,2407.86,2,7,4
luiz_vogal_u,u,299.88,0,7,5
luiz_vogal_u,u,696.78,1,7,5
luiz_vogal_u,u,2451.96,2,7,5
luiz_vogal_u,u,291.06,0,6,6
luiz_vogal_u,u,714.4200000000001,1,6,6
luiz_vogal_u,u,2443.14,2,6,6
luiz_vogal_u,u,282.24,0,7,7
luiz_vogal_u,u,749.7,1,7,7
luiz_vogal_u,u,2513.7000000000003,2,7,7
luiz_vogal_u,u,282.24,0,5,8
luiz_vogal_u,u,723.24,1,5,8
luiz_vogal_u,u,2496.06,2,5,8
luiz_vogal_u,u,291.06,0,6,9
luiz_vogal_u,u,705.6,1,6,9
luiz_vogal_u,u,2487.2400000000002,2,6,9
luiz_vogal_u,u,291.06,0,5,10
luiz_vogal_u,u,767.34,1,5,10
luiz_vogal_u,u,2504.88,2,5,10
luiz_vogal_u,u,299.88,0,5,11
luiz_vogal_u,u,2487.2400000000002,1,5,11
luiz_vogal_u,u,3722.04,2,5,11
luiz_vogal_u,u,291.06,0,7,12
luiz_vogal_u,u,723.24,1,7,12
luiz_vogal_u,u,2469.6,2,7,12
luiz_vogal_u,u,291.06,0,7,13
luiz_vogal_u,u,740.88,1,7,13
luiz_vogal_u,u,2478.42,2,7,13
luiz_vogal_u,u,291.06,0,7,14
luiz_vogal_u,u,749.7,1,7,14
luiz_vogal_u,u,2451.96,2,7,14
luiz_vogal_u,u,291.06,0,5,15
luiz_vogal_u,u,732.0600000000001,1,5,15
luiz_vogal_u,u,2478.42,2,5,15
luiz_vogal_u,u,282.24,0,6,16
luiz_vogal_u,u,820.26,1,6,16
luiz_vogal_u,u,2478.42,2,6,16
luiz_vogal_u,u,282.24,0,7,17
luiz_vogal_u,u,802.62,1,7,17
luiz_vogal_u,u,2451.96,2,7,17
luiz_vogal_u,u,246.96,0,7,18
luiz_vogal_u,u,802.62,1,7,18
luiz_vogal_u,u,1878.66,2,7,18
luiz_vogal_u,u,372.3264540337711,0,7,19
luiz_vogal_u,u,1116.9793621013134,1,7,19
luiz_vogal_u,u,2068.480300187617,2,7,19
saulo_vogal_a,a,635.04,0,5,1
saulo_vogal_a,a,1234.8,1,5,1
saulo_vogal_a,a,2787.12,2,5,1
saulo_vogal_a,a,590.94,0,6,2
saulo_vogal_a,a,1164.24,1,6,2
saulo_vogal_a,a,2813.58,2,6,2
saulo_vogal_a,a,608.58,0,5,3
saulo_vogal_a,a,1217.16,1,5,3
saulo_vogal_a,a,2760.6600000000003,2,5,3
saulo_vogal_a,a,582.12,0,4,4
saulo_vogal_a,a,1199.52,1,4,4
saulo_vogal_a,a,2769.48,2,4,4
saulo_vogal_a,a,573.3000000000001,0,5,5
saulo_vogal_a,a,1190.7,1,5,5
saulo_vogal_a,a,2778.3,2,5,5
saulo_vogal_a,a,599.76,0,4,6
saulo_vogal_a,a,1217.16,1,4,6
saulo_vogal_a,a,2743.02,2,4,6
saulo_vogal_a,a,590.94,0,4,7
saulo_vogal_a,a,1208.3400000000001,1,4,7
saulo_vogal_a,a,2725.38,2,4,7
saulo_vogal_a,a,599.76,0,4,8
saulo_vogal_a,a,1208.3400000000001,1,4,8
saulo_vogal_a,a,2778.3,2,4,8
saulo_vogal_a,a,590.94,0,4,9
saulo_vogal_a,a,1208.3400000000001,1,4,9
saulo_vogal_a,a,2787.12,2,4,9
saulo_vogal_a,a,608.58,0,5,10
saulo_vogal_a,a,1234.8,1,5,10
saulo_vogal_a,a,2804.76,2,5,10
saulo_vogal_a,a,546.84,0,6,11
saulo_vogal_a,a,1225.98,1,6,11
saulo_vogal_a,a,2813.58,2,6,11
saulo_vogal_a,a,582.12,0,5,12
saulo_vogal_a,a,1225.98,1,5,12
saulo_vogal_a,a,2804.76,2,5,12
saulo_vogal_a,a,573.3000000000001,0,5,13
saulo_vogal_a,a,1208.3400000000001,1,5,13
saulo_vogal_a,a,2787.12,2,5,13
saulo_vogal_a,a,582.12,0,5,14
saulo_vogal_a,a,1199.52,1,5,14
saulo_vogal_a,a,2787.12,2,5,14
saulo_vogal_a,a,590.94,0,6,15
saulo_vogal_a,a,1208.3400000000001,1,6,15
saulo_vogal_a,a,2778.3,2,6,15
saulo_vogal_a,a,617.4,0,6,16
saulo_vogal_a,a,1261.26,1,6,16
saulo_vogal_a,a,2760.6600000000003,2,6,16
saulo_vogal_a,a,573.3000000000001,0,6,17
saulo_vogal_a,a,1208.3400000000001,1,6,17
saulo_vogal_a,a,2787.12,2,6,17
saulo_vogal_a,a,1416.5094339622642,0,6,18
saulo_vogal_a,a,2109.9056603773583,1,6,18
saulo_vogal_a,a,2971.698113207547,2,6,18
saulo_vogal_e,e,538.02,0,5,1
saulo_vogal_e,e,1790.46,1,5,1
saulo_vogal_e,e,2734.2000000000003,2,5,1
saulo_vogal_e,e,520.38,0,5,2
saulo_vogal_e,e,1781.64,1,5,2
saulo_vogal_e,e,2769.48,2,5,2
saulo_vogal_e,e,538.02,0,3,3
saulo_vogal_e,e,1790.46,1,3,3
saulo_vogal_e,e,3960.1800000000003,2,3,3
saulo_vogal_e,e,582.12,0,4,4
saulo_vogal_e,e,1781.64,1,4,4
saulo_vogal_e,e,2743.02,2,4,4
saulo_vogal_e,e,555.66,0,4,5
saulo_vogal_e,e,1772.8200000000002,1,4,5
saulo_vogal_e,e,2716.56,2,4,5
saulo_vogal_e,e,564.48,0,4,6
saulo_vogal_e,e,1781.64,1,4,6
saulo_vogal_e,e,2654.82,2,4,6
saulo_vogal_e,e,573.3000000000001,0,5,7
saulo_vogal_e,e,1755.18,1,5,7
saulo_vogal_e,e,2734.2000000000003,2,5,7
saulo_vogal_e,e,582.12,0,4,8
saulo_vogal_e,e,1781.64,1,4,8
saulo_vogal_e,e,2690.1,2,4,8
saulo_vogal_e,e,564.48,0,4,9
saulo_vogal_e,e,1816.92,1,4,9
saulo_vogal_e,e,2743.02,2,4,9
saulo_vogal_e,e,555.66,0,4,10
saulo_vogal_e,e,1825.74,1,4,10
saulo_vogal_e,e,2743.02,2,4,10
saulo_vogal_e,e,546.84,0,4,11
saulo_vogal_e,e,1772.8200000000002,1,4,11
saulo_vogal_e,e,2734.2000000000003,2,4,11
saulo_vogal_e,e,538.02,0,4,12
saulo_vogal_e,e,1790.46,1,4,12
saulo_vogal_e,e,2593.08,2,4,12
saulo_vogal_e,e,529.2,0,5,13
saulo_vogal_e,e,1781.64,1,5,13
saulo_vogal_e,e,2575.44,2,5,13
saulo_vogal_e,e,555.66,0,4,14
saulo_vogal_e,e,1816.92,1,4,14
saulo_vogal_e,e,2743.02,2,4,14
saulo_vogal_e,e,564.48,0,4,15
saulo_vogal_e,e,1825.74,1,4,15
saulo_vogal_e,e,2681.28,2,4,15
saulo_vogal_e,e,590.94,0,4,16
saulo_vogal_e,e,1728.72,1,4,16
saulo_vogal_e,e,2601.9,2,4,16
saulo_vogal_e,e,1608.565573770492,0,4,17
saulo_vogal_e,e,2458.032786885246,1,4,17
saulo_vogal_e,e,3271.352459016394,2,4,17
saulo_vogal_i,i,255.78,0,4,1
saulo_vogal_i,i,2169.7200000000003,1,4,1
saulo_vogal_i,i,3563.28,2,4,1
saulo_vogal_i,i,255.78,0,4,2
saulo_vogal_i,i,2187.36,1,4,2
saulo_vogal_i,i,3536.82,2,4,2
saulo_vogal_i,i,255.78,0,5,3
saulo_vogal_i,i,2143.26,1,5,3
saulo_vogal_i,i,3095.82,2,5,3
saulo_vogal_i,i,246.96,0,4,4
saulo_vogal_i,i,2090.34,1,4,4
saulo_vogal_i,i,3492.7200000000003,2,4,4
saulo_vogal_i,i,246.96,0,4,5
saulo_vogal_i,i,2169.7200000000003,1,4,5
saulo_vogal_i,i,3501.54,2,4,5
saulo_vogal_i,i,255.78,0,4,6
saulo_vogal_i,i,2143.26,1,4,6
saulo_vogal_i,i,3536.82,2,4,6
saulo_vogal_i,i,255.78,0,4,7
saulo_vogal_i,i,2143.26,1,4,7
saulo_vogal_i,i,3528.0,2,4,7
saulo_vogal_i,i,255.78,0,5,8
saulo_vogal_i,i,2134.44,1,5,8
saulo_vogal_i,i,2963.52,2,5,8
saulo_vogal_i,i,255.78,0,5,9
saulo_vogal_i,i,2125.62,1,5,9
saulo_vogal_i,i,2981.1600000000003,2,5,9
saulo_vogal_i,i,255.78,0,5,10
saulo_vogal_i,i,2143.26,1,5,10
saulo_vogal_i,i,2972.34,2,5,10
saulo_vogal_i,i,264.6,0,5,11
saulo_vogal_i,i,2178.54,1,5,11
saulo_vogal_i,i,2989.98,2,5,11
saulo_vogal_i,i,264.6,0,6,12
saulo_vogal_i,i,2187.36,1,6,12
saulo_vogal_i,i,3042.9,2,6,12
saulo_vogal_i,i,282.24,0,6,13
saulo_vogal_i,i,1340.64,1,6,13
saulo_vogal_i,i,2152.08,2,6,13
saulo_vogal_i,i,282.24,0,6,14
saulo_vogal_i,i,2143.26,1,6,14
saulo_vogal_i,i,2963.52,2,6,14
saulo_vogal_i,i,282.24,0,7,15
saulo_vogal_i,i,1525.8600000000001,1,7,15
saulo_vogal_i,i,2143.26,2,7,15
saulo_vogal_i,i,282.24,0,7,16
saulo_vogal_i,i,1490.5800000000002,1,7,16
saulo_vogal_i,i,2160.9,2,7,16
saulo_vogal_i,i,308.7,0,6,17
saulo_vogal_i,i,2116.8,1,6,17
saulo_vogal_i,i,2919.42,2,6,17
saulo_vogal_i,i,282.24,0,6,18
saulo_vogal_i,i,2019.78,1,6,18
saulo_vogal_i,i,2822.4,2,6,18
saulo_vogal_i,i,1631.7,0,5,19
saulo_vogal_i,i,2196.1800000000003,1,5,19
saulo_vogal_i,i,3069.36,2,5,19
saulo_vogal_o,o,555.66,0,3,1
saulo_vogal_o,o,2663.64,1,3,1
saulo_vogal_o,o,3528.0,2,3,1
saulo_vogal_o,o,546.84,0,5,2
saulo_vogal_o,o,943.74,1,5,2
saulo_vogal_o,o,2681.28,2,5,2
saulo_vogal_o,o,538.02,0,4,3
saulo_vogal_o,o,2707.7400000000002,1,4,3
saulo_vogal_o,o,3536.82,2,4,3
saulo_vogal_o,o,546.84,0,5,4
saulo_vogal_o,o,979.02,1,5,4
saulo_vogal_o,o,2716.56,2,5,4
saulo_vogal_o,o,538.02,0,5,5
saulo_vogal_o,o,917.28,1,5,5
saulo_vogal_o,o,2716.56,2,5,5
saulo_vogal_o,o,546.84,0,6,6
saulo_vogal_o,o,908.46,1,6,6
saulo_vogal_o,o,2698.92,2,6,6
saulo_vogal_o,o,529.2,0,5,7
saulo_vogal_o,o,837.9,1,5,7
saulo_vogal_o,o,2690.1,2,5,7
saulo_vogal_o,o,520.38,0,5,8
saulo_vogal_o,o,943.74,1,5,8
saulo_vogal_o,o,2672.46,2,5,8
saulo_vogal_o,o,511.56,0,5,9
saulo_vogal_o,o,1014.3000000000001,1,5,9
saulo_vogal_o,o,2646.0,2,5,9
saulo_vogal_o,o,538.02,0,6,10
saulo_vogal_o,o,987.84,1,6,10
saulo_vogal_o,o,2681.28,2,6,10
saulo_vogal_o,o,538.02,0,5,11
saulo_vogal_o,o,1005.48,1,5,11
saulo_vogal_o,o,2663.64,2,5,11
saulo_vogal_o,o,529.2,0,5,12
saulo_vogal_o,o,1005.48,1,5,12
saulo_vogal_o,o,2989.98,2,5,12
saulo_vogal_o,o,529.2,0,5,13
saulo_vogal_o,o,1014.3000000000001,1,5,13
saulo_vogal_o,o,2743.02,2,5,13
saulo_vogal_o,o,520.38,0,5,14
saulo_vogal_o,o,1014.3000000000001,1,5,14
saulo_vogal_o,o,2760.6600000000003,2,5,14
saulo_vogal_o,o,529.2,0,5,15
saulo_vogal_o,o,1014.3000000000001,1,5,15
saulo_vogal_o,o,2778.3,2,5,15
saulo_vogal_o,o,529.2,0,6,16
saulo_vogal_o,o,1031.94,1,6,16
saulo_vogal_o,o,2760.6600000000003,2,6,16
saulo_vogal_o,o,529.2,0,5,17
saulo_vogal_o,o,1031.94,1,5,17
saulo_vogal_o,o,2716.56,2,5,17
saulo_vogal_o,o,1146.6000000000001,0,5,18
saulo_vogal_o,o,2160.9,1,5,18
saulo_vogal_o,o,2901.78,2,5,18
saulo_vogal_o,o,446.0982658959538,0,4,19
saulo_vogal_o,o,2007.4421965317918,1,4,19
saulo_vogal_o,o,2867.774566473988,2,4,19
saulo_vogal_u,u,282.24,0,7,1
saulo_vogal_u,u,635.04,1,7,1
saulo_vogal_u,u,2293.2000000000003,2,7,1
saulo_vogal_u,u,282.24,0,6,2
saulo_vogal_u,u,617.4,1,6,2
saulo_vogal_u,u,1614.06,2,6,2
saulo_vogal_u,u,291.06,0,6,3
saulo_vogal_u,u,582.12,1,6,3
saulo_vogal_u,u,2390.2200000000003,2,6,3
saulo_vogal_u,u,291.06,0,7,4
saulo_vogal_u,u,582.12,1,7,4
saulo_vogal_u,u,2363.76,2,7,4
saulo_vogal_u,u,299.88,0,7,5
saulo_vogal_u,u,573.3000000000001,1,7,5
saulo_vogal_u,u,2284.38,2,7,5
saulo_vogal_u,u,299.88,0,6,6
saulo_vogal_u,u,643.86,1,6,6
saulo_vogal_u,u,2363.76,2,6,6
saulo_vogal_u,u,299.88,0,6,7
saulo_vogal_u,u,643.86,1,6,7
saulo_vogal_u,u,2372.58,2,6,7
saulo_vogal_u,u,299.88,0,7,8
saulo_vogal_u,u,617.4,1,7,8
saulo_vogal_u,u,2293.2000000000003,2,7,8
saulo_vogal_u,u,317.52,0,6,9
saulo_vogal_u,u,714.4200000000001,1,6,9
saulo_vogal_u,u,2293.2000000000003,2,6,9
saulo_vogal_u,u,291.06,0,6,10
saulo_vogal_u,u,714.4200000000001,1,6,10
saulo_vogal_u,u,2337.3,2,6,10
saulo_vogal_u,u,291.06,0,6,11
saulo_vogal_u,u,670.32,1,6,11
saulo_vogal_u,u,2451.96,2,6,11
saulo_vogal_u,u,282.24,0,6,12
saulo_vogal_u,u,679.14,1,6,12
saulo_vogal_u,u,2434.32,2,6,12
saulo_vogal_u,u,273.42,0,7,13
saulo_vogal_u,u,1481.76,1,7,13
saulo_vogal_u,u,2504.88,2,7,13
saulo_vogal_u,u,308.7,0,5,14
saulo_vogal_u,u,1940.4,1,5,14
saulo_vogal_u,u,2787.12,2,5,14
saulo_vogal_u,u,273.42,0,6,15
saulo_vogal_u,u,1931.5800000000002,1,6,15
saulo_vogal_u,u,2760.6600000000003,2,6,15
saulo_vogal_u,u,186.0759493670886,0,7,16
saulo_vogal_u,u,1032.7215189873418,1,7,16
saulo_vogal_u,u,1907.2784810126582,2,7,16
